trip_id,payment_method,base_fare_amount,surge_amount,tax_amount,tip_amount,discount_amount,driver_payout_amount
1,Card,35.37,1.77,2.97,0.00,0.00,27.13
2,Cash,30.28,4.54,2.79,1.88,0.00,25.75
3,Cash,17.59,0.00,1.41,1.90,0.00,13.37
4,Card,40.58,0.00,3.25,5.26,2.00,30.72
5,Card,57.50,11.50,5.52,0.00,0.00,47.14
6,Card,14.54,0.00,1.16,1.26,0.00,10.33
7,Card,23.95,4.79,2.30,4.66,0.00,21.33
8,Card,74.78,3.74,6.28,6.78,0.00,66.14
9,Card,87.14,17.43,8.37,9.04,0.00,86.10
10,Corporate,43.10,4.31,3.79,2.56,0.00,30.33
11,Cash,16.56,0.00,1.32,1.79,0.00,12.84
12,Card,20.11,0.00,1.61,0.00,1.00,13.79
13,Card,31.58,0.00,2.53,5.12,0.00,23.53
14,Card,80.46,12.07,7.40,7.99,0.00,71.15
15,Card,8.10,1.22,0.75,1.51,2.50,7.48
16,Card,38.10,0.00,3.05,3.29,0.00,28.73
17,Card,12.66,0.00,1.01,0.00,0.00,7.71
18,Cash,49.25,2.46,4.14,2.79,0.00,39.22
19,Card,27.27,0.00,2.18,2.36,0.00,20.39
20,Card,24.57,4.91,2.36,0.00,0.00,15.65
21,Card,37.18,0.00,2.97,0.00,2.50,25.39
22,Corporate,43.16,0.00,3.45,2.33,0.00,31.07
23,Wallet,45.16,6.77,4.15,3.36,0.00,34.48
24,Card,40.87,8.17,3.92,0.00,0.00,29.61
25,Card,32.25,6.45,3.10,6.27,0.00,30.78
26,Card,7.45,0.00,0.60,1.45,1.50,5.57
27,Wallet,53.72,2.69,4.51,6.09,0.00,46.67
28,Card,72.26,25.29,7.80,0.00,0.00,68.38
29,Card,29.29,0.00,2.34,5.69,0.00,23.15
30,Card,7.11,0.00,0.57,1.38,2.50,5.51
31,Cash,8.90,0.89,0.78,0.00,0.00,6.06
32,Wallet,57.12,0.00,4.57,7.40,0.00,43.08
33,Card,9.82,0.00,0.79,1.91,1.50,6.93
34,Corporate,24.83,2.48,2.18,1.47,0.00,17.28
35,Card,57.40,14.35,5.74,0.00,0.00,51.12
36,Cash,15.09,0.00,1.21,0.00,0.00,8.34
37,Wallet,35.58,3.56,3.13,0.00,0.00,24.85
38,Card,19.37,0.00,1.55,1.67,0.00,12.22
39,Card,6.48,0.00,0.52,1.26,0.00,4.62
40,Card,80.47,4.02,6.76,10.95,0.00,68.91
41,Wallet,24.25,4.85,2.33,3.77,0.00,22.44
42,Card,24.48,0.00,1.96,3.17,0.00,18.64
43,Wallet,10.23,2.05,0.98,1.59,0.00,9.01
44,Corporate,33.40,0.00,2.67,1.80,0.00,23.59
45,Card,42.58,0.00,3.41,8.28,0.00,33.18
46,Card,6.49,0.65,0.57,1.16,1.00,5.46
47,Card,40.11,0.00,3.21,3.47,0.00,30.28
48,Corporate,37.90,5.69,3.49,2.35,0.00,30.36
49,Cash,14.53,0.00,1.16,0.78,0.00,9.54
50,Card,17.10,2.57,1.57,1.70,1.50,12.87
51,Cash,34.99,0.00,2.80,1.89,0.00,24.35
52,Card,73.62,0.00,5.89,11.93,0.00,60.18
53,Card,19.64,0.00,1.57,3.18,0.00,15.85
54,Card,50.06,5.01,4.41,4.76,0.00,39.62
55,Wallet,23.98,4.80,2.30,1.86,0.00,18.43
56,Wallet,25.46,0.00,2.04,3.30,1.50,18.36
57,Card,29.71,2.97,2.61,6.35,0.00,26.72
58,Corporate,37.60,0.00,3.01,0.00,0.00,23.44
59,Wallet,12.86,1.29,1.13,1.83,2.50,9.70
60,Wallet,32.74,0.00,2.62,4.24,0.00,24.51
61,Wallet,90.38,13.56,8.32,13.47,0.00,83.35
62,Card,11.49,1.15,1.01,0.00,0.00,8.07
63,Card,17.71,0.00,1.42,0.00,0.00,11.24
64,Cash,43.78,0.00,3.50,4.73,0.00,33.85
65,Card,20.13,0.00,1.61,1.74,0.00,12.81
66,Card,81.33,16.27,7.81,8.43,0.00,80.44
67,Wallet,37.64,1.88,3.16,5.12,0.00,30.98
68,Card,11.13,1.11,0.98,1.59,0.00,7.34
69,Cash,45.56,4.56,4.01,0.00,1.00,31.60
70,Wallet,35.32,3.53,3.11,5.04,0.00,29.99
71,Card,13.81,0.00,1.10,1.79,2.00,9.43
72,Card,4.93,0.99,0.47,0.51,0.00,3.84
73,Wallet,92.60,4.63,7.78,6.30,0.00,78.58
74,Wallet,33.92,0.00,2.71,0.00,0.00,21.10
75,Card,15.41,0.00,1.23,0.00,0.00,8.14
76,Card,33.69,0.00,2.70,6.55,0.00,24.54
77,Wallet,12.68,1.27,1.12,1.51,0.00,8.28
78,Cash,9.59,0.96,0.84,1.14,0.00,7.80
79,Cash,28.34,0.00,2.27,0.00,0.00,18.00
80,Cash,47.72,4.77,4.20,5.67,0.00,36.45
81,Cash,43.74,0.00,3.50,0.00,1.50,27.89
82,Card,8.94,0.00,0.72,1.45,0.00,6.69
83,Card,25.18,2.52,2.22,3.59,0.00,21.18
84,Wallet,11.44,1.14,1.01,0.00,0.00,8.48
85,Corporate,22.44,2.24,1.97,0.00,0.00,16.33
86,Card,14.50,1.45,1.28,1.38,1.00,10.36
87,Card,14.91,2.98,1.43,2.90,0.00,14.72
88,Card,58.89,0.00,4.71,7.63,0.00,43.07
89,Card,41.74,6.26,3.84,9.33,0.00,38.94
90,Corporate,14.75,0.00,1.18,0.00,0.00,8.32
91,Card,43.57,10.89,4.36,7.06,0.00,42.42
92,Cash,11.07,1.66,1.02,0.00,0.00,7.10
93,Card,16.94,1.69,1.49,2.41,0.00,11.23
94,Wallet,21.31,0.00,1.70,1.38,0.00,13.37
95,Wallet,35.41,5.31,3.26,2.64,0.00,29.78
96,Card,25.17,0.00,2.01,2.17,0.00,14.90
97,Card,55.65,0.00,4.45,10.82,0.00,44.02
98,Card,23.04,0.00,1.84,0.00,0.00,14.05
99,Card,37.13,0.00,2.97,3.21,0.00,27.14
100,Cash,23.87,0.00,1.91,0.00,0.00,15.69
101," Card ",18.50,2.00,1.50,3.00,0.00,15.00
102," cash ",22.00,-1.50,1.80,4.50,0.00,18.00
103,wallet,9.75,0.75,0.80,not_a_number,0.00,8.00
104,CARD,-5.00,0.00,0.40,1.00,0.00,4.00
105,,12.00,1.25,1.06,2.50,1.00,10.00
,Card,14.25,0.00,1.14,2.00,0.00,11.00
